case_id,origin,captured_on,browser_version,command_scale,prefer_css_page_size,requested_paper_width_in,requested_paper_height_in,output_page_width_mm,output_page_height_mm,marker,width_mm,height_mm,scale_x,scale_y,error_x_percent,error_y_percent,source_sha256,output_sha256
browser-html-a4-css-size-scale-100,browser-engine-html-to-pdf,2026-10-09T21:31:46.950Z,not-exposed-by-tab-scoped-CDP; see returned PDF producer metadata,1,True,8.267716535433072,11.692913385826772,209.88865255555555,297.01065961111107,metric-square,99.99831670673662,99.99831670673659,0.9999831670673661,0.9999831670673659,-0.0016832932633881192,-0.0016832932634103237,b4a1a867b7295dabb6af75b31a82fc53e3c45d8840e87d15ac0d2cf23fd8c2f3,43510966e3e59d0ad0682b28f20b9fe97060369fe7d4f988231a708371e4bc4a
browser-html-a4-css-size-scale-100,browser-engine-html-to-pdf,2026-10-09T21:31:46.950Z,not-exposed-by-tab-scoped-CDP; see returned PDF producer metadata,1,True,8.267716535433072,11.692913385826772,209.88865255555555,297.01065961111107,inch-rectangle,50.799147886971696,25.399566443612063,0.9999832261214902,0.9999829308508686,-0.0016773878509845908,-0.00170691491313546,b4a1a867b7295dabb6af75b31a82fc53e3c45d8840e87d15ac0d2cf23fd8c2f3,43510966e3e59d0ad0682b28f20b9fe97060369fe7d4f988231a708371e4bc4a
browser-html-a4-css-size-scale-100,browser-engine-html-to-pdf,2026-10-09T21:31:46.950Z,not-exposed-by-tab-scoped-CDP; see returned PDF producer metadata,1,True,8.267716535433072,11.692913385826772,209.88865255555555,297.01065961111107,long-horizontal,179.99697007212595,0.0,0.9999831670673663,,-0.0016832932633659148,,b4a1a867b7295dabb6af75b31a82fc53e3c45d8840e87d15ac0d2cf23fd8c2f3,43510966e3e59d0ad0682b28f20b9fe97060369fe7d4f988231a708371e4bc4a
browser-html-a4-css-size-scale-95,browser-engine-html-to-pdf,2026-10-09T21:33:51.034Z,not-exposed-by-tab-scoped-CDP; see returned PDF producer metadata,0.95,True,8.267716535433072,11.692913385826772,209.88865255555555,297.01065961111107,metric-square,94.9984124283993,94.9984124283993,0.949984124283993,0.949984124283993,-5.001587571600696,-5.001587571600696,b4a1a867b7295dabb6af75b31a82fc53e3c45d8840e87d15ac0d2cf23fd8c2f3,bd2b789777931e1ca8c92121f9cb6b5487e4e954f6f5993d6994e86bc1dbd8bf
browser-html-a4-css-size-scale-95,browser-engine-html-to-pdf,2026-10-09T21:33:51.034Z,not-exposed-by-tab-scoped-CDP; see returned PDF producer metadata,0.95,True,8.267716535433072,11.692913385826772,209.88865255555555,297.01065961111107,inch-rectangle,48.25919636357922,24.12959105690866,0.9499841803854178,0.9499838998782937,-5.001581961458223,-5.001610012170632,b4a1a867b7295dabb6af75b31a82fc53e3c45d8840e87d15ac0d2cf23fd8c2f3,bd2b789777931e1ca8c92121f9cb6b5487e4e954f6f5993d6994e86bc1dbd8bf
browser-html-a4-css-size-scale-95,browser-engine-html-to-pdf,2026-10-09T21:33:51.034Z,not-exposed-by-tab-scoped-CDP; see returned PDF producer metadata,0.95,True,8.267716535433072,11.692913385826772,209.88865255555555,297.01065961111107,long-horizontal,170.99714237111877,0.0,0.9499841242839931,,-5.001587571600686,,b4a1a867b7295dabb6af75b31a82fc53e3c45d8840e87d15ac0d2cf23fd8c2f3,bd2b789777931e1ca8c92121f9cb6b5487e4e954f6f5993d6994e86bc1dbd8bf
browser-html-a4-to-letter-prefercss-false,browser-engine-html-to-pdf,2026-10-09T21:33:50.832Z,not-exposed-by-tab-scoped-CDP; see returned PDF producer metadata,1,False,8.5,11,215.89999999999998,279.4,metric-square,94.07283900696486,94.07283900696486,0.9407283900696486,0.9407283900696486,-5.927160993035141,-5.927160993035141,b4a1a867b7295dabb6af75b31a82fc53e3c45d8840e87d15ac0d2cf23fd8c2f3,a787b4ced6cdfdfe74789238de5d4a52e338ae1a20563974c19fdf9f17260c7e
browser-html-a4-to-letter-prefercss-false,browser-engine-html-to-pdf,2026-10-09T21:33:50.832Z,not-exposed-by-tab-scoped-CDP; see returned PDF producer metadata,1,False,8.5,11,215.89999999999998,279.4,inch-rectangle,47.78900503772333,23.894495463398705,0.940728445624475,0.9407281678503427,-5.9271554375525,-5.9271832149657255,b4a1a867b7295dabb6af75b31a82fc53e3c45d8840e87d15ac0d2cf23fd8c2f3,a787b4ced6cdfdfe74789238de5d4a52e338ae1a20563974c19fdf9f17260c7e
browser-html-a4-to-letter-prefercss-false,browser-engine-html-to-pdf,2026-10-09T21:33:50.832Z,not-exposed-by-tab-scoped-CDP; see returned PDF producer metadata,1,False,8.5,11,215.89999999999998,279.4,long-horizontal,169.33111021253674,0.0,0.9407283900696486,,-5.927160993035141,,b4a1a867b7295dabb6af75b31a82fc53e3c45d8840e87d15ac0d2cf23fd8c2f3,a787b4ced6cdfdfe74789238de5d4a52e338ae1a20563974c19fdf9f17260c7e
browser-html-letter-css-size-scale-100,browser-engine-html-to-pdf,2026-10-09T21:33:41.600Z,not-exposed-by-tab-scoped-CDP; see returned PDF producer metadata,1,True,8.5,11,215.89999999999998,279.4,metric-square,99.9999964933333,99.99998849333356,0.999999964933333,0.9999998849333356,-3.506666701458272e-06,-1.150666644189613e-05,fe07c2435f4c920a4a37b094f46898c8bdcd96ec0ff0fa20582e6e30db09235c,b20feb3abec6482103b37a334669a4084eab286d143e1499fa7521221ab5bfac
browser-html-letter-css-size-scale-100,browser-engine-html-to-pdf,2026-10-09T21:33:41.600Z,not-exposed-by-tab-scoped-CDP; see returned PDF producer metadata,1,True,8.5,11,215.89999999999998,279.4,inch-rectangle,50.800001218613225,25.39999310930689,1.0000000239884494,0.9999997287128698,2.3988449449063864e-06,-2.712871302046338e-05,fe07c2435f4c920a4a37b094f46898c8bdcd96ec0ff0fa20582e6e30db09235c,b20feb3abec6482103b37a334669a4084eab286d143e1499fa7521221ab5bfac
browser-html-letter-css-size-scale-100,browser-engine-html-to-pdf,2026-10-09T21:33:41.600Z,not-exposed-by-tab-scoped-CDP; see returned PDF producer metadata,1,True,8.5,11,215.89999999999998,279.4,long-horizontal,179.99999368799996,0.0,0.9999999649333331,,-3.5066666903560417e-06,,fe07c2435f4c920a4a37b094f46898c8bdcd96ec0ff0fa20582e6e30db09235c,b20feb3abec6482103b37a334669a4084eab286d143e1499fa7521221ab5bfac
