case_id,origin,marker,expected_width_mm,expected_height_mm,expected_sx,expected_sy,source_paper,output_paper
reference-a4,programmatic-reference,metric-square,100.0,100.0,1.0,1.0,a4,a4
reference-a4,programmatic-reference,inch-rectangle,50.8,25.4,1.0,1.0,a4,a4
reference-a4,programmatic-reference,long-horizontal,180.0,0.0,1.0,1.0,a4,a4
reference-letter,programmatic-reference,metric-square,100.0,100.0,1.0,1.0,letter,letter
reference-letter,programmatic-reference,inch-rectangle,50.8,25.4,1.0,1.0,letter,letter
reference-letter,programmatic-reference,long-horizontal,180.0,0.0,1.0,1.0,letter,letter
a4-uniform-95-percent,programmatic-detector-control,metric-square,95.0,95.0,0.95,0.95,a4,a4
a4-uniform-95-percent,programmatic-detector-control,inch-rectangle,48.26,24.13,0.95,0.95,a4,a4
a4-uniform-95-percent,programmatic-detector-control,long-horizontal,171.0,0.0,0.95,0.95,a4,a4
letter-uniform-95-percent,programmatic-detector-control,metric-square,95.0,95.0,0.95,0.95,letter,letter
letter-uniform-95-percent,programmatic-detector-control,inch-rectangle,48.26,24.13,0.95,0.95,letter,letter
letter-uniform-95-percent,programmatic-detector-control,long-horizontal,171.0,0.0,0.95,0.95,letter,letter
a4-anisotropic-96x104-percent,programmatic-detector-control,metric-square,96.0,104.0,0.96,1.04,a4,a4
a4-anisotropic-96x104-percent,programmatic-detector-control,inch-rectangle,48.768,26.416,0.96,1.04,a4,a4
a4-anisotropic-96x104-percent,programmatic-detector-control,long-horizontal,172.8,0.0,0.96,1.04,a4,a4
a4-to-letter-whole-paper-fit-model,programmatic-detector-control,metric-square,94.07407407,94.07407407,0.9407407407407407,0.9407407407407407,a4,letter
a4-to-letter-whole-paper-fit-model,programmatic-detector-control,inch-rectangle,47.78962963,23.89481481,0.9407407407407407,0.9407407407407407,a4,letter
a4-to-letter-whole-paper-fit-model,programmatic-detector-control,long-horizontal,169.33333333,0.0,0.9407407407407407,0.9407407407407407,a4,letter
