case_id,origin,marker,status,width_mm,height_mm,scale_x,scale_y,error_x_percent,error_y_percent,file_sha256
reference-a4,programmatic-reference,metric-square,extracted-vector-extents,100.00001167,100.00001167,1.00000012,1.00000012,1.167e-05,1.167e-05,dc8db72f0fd1f2a1854f7a651314f3fd06593c4d5912627be3c7956753fbe11f
reference-a4,programmatic-reference,inch-rectangle,extracted-vector-extents,50.8,25.4,1.0,1.0,0.0,0.0,dc8db72f0fd1f2a1854f7a651314f3fd06593c4d5912627be3c7956753fbe11f
reference-a4,programmatic-reference,long-horizontal,extracted-vector-extents,179.99999631,0.0,0.99999998,,-2.05e-06,,dc8db72f0fd1f2a1854f7a651314f3fd06593c4d5912627be3c7956753fbe11f
reference-letter,programmatic-reference,metric-square,extracted-vector-extents,100.00001167,100.00001167,1.00000012,1.00000012,1.167e-05,1.167e-05,38e1a7ac12e2ca69396fc416287a432ae1e82841f9feafd6d8d16976c00bc273
reference-letter,programmatic-reference,inch-rectangle,extracted-vector-extents,50.8,25.4,1.0,1.0,0.0,0.0,38e1a7ac12e2ca69396fc416287a432ae1e82841f9feafd6d8d16976c00bc273
reference-letter,programmatic-reference,long-horizontal,extracted-vector-extents,179.99999631,0.0,0.99999998,,-2.05e-06,,38e1a7ac12e2ca69396fc416287a432ae1e82841f9feafd6d8d16976c00bc273
a4-uniform-95-percent,programmatic-detector-control,metric-square,extracted-vector-extents,95.00001108,95.00001108,0.95000011,0.95000011,-4.99998892,-4.99998892,40ae8b40390eec74c4c1ef5dd4bc25c157d4c357a0bffe5eb95c7a40e9035dd7
a4-uniform-95-percent,programmatic-detector-control,inch-rectangle,extracted-vector-extents,48.26,24.13,0.95,0.95,-5.0,-5.0,40ae8b40390eec74c4c1ef5dd4bc25c157d4c357a0bffe5eb95c7a40e9035dd7
a4-uniform-95-percent,programmatic-detector-control,long-horizontal,extracted-vector-extents,170.99999649,0.0,0.94999998,,-5.00000195,,40ae8b40390eec74c4c1ef5dd4bc25c157d4c357a0bffe5eb95c7a40e9035dd7
letter-uniform-95-percent,programmatic-detector-control,metric-square,extracted-vector-extents,95.00001108,95.00001108,0.95000011,0.95000011,-4.99998892,-4.99998892,1ff1aad1ee7ff1e9e2876e1d2a837f624d70467e5696f0aaa04c14cb7aaf675d
letter-uniform-95-percent,programmatic-detector-control,inch-rectangle,extracted-vector-extents,48.26,24.13,0.95,0.95,-5.0,-5.0,1ff1aad1ee7ff1e9e2876e1d2a837f624d70467e5696f0aaa04c14cb7aaf675d
letter-uniform-95-percent,programmatic-detector-control,long-horizontal,extracted-vector-extents,170.99999649,0.0,0.94999998,,-5.00000195,,1ff1aad1ee7ff1e9e2876e1d2a837f624d70467e5696f0aaa04c14cb7aaf675d
a4-anisotropic-96x104-percent,programmatic-detector-control,metric-square,extracted-vector-extents,96.0000112,104.00001213,0.96000011,1.04000012,-3.9999888,4.00001213,c1ad1f34caf25868ae198b8ca951308e2938993473a261a32186602ef74fdc15
a4-anisotropic-96x104-percent,programmatic-detector-control,inch-rectangle,extracted-vector-extents,48.768,26.416,0.96,1.04,-4.0,4.0,c1ad1f34caf25868ae198b8ca951308e2938993473a261a32186602ef74fdc15
a4-anisotropic-96x104-percent,programmatic-detector-control,long-horizontal,extracted-vector-extents,172.79999645,0.0,0.95999998,,-4.00000197,,c1ad1f34caf25868ae198b8ca951308e2938993473a261a32186602ef74fdc15
a4-to-letter-whole-paper-fit-model,programmatic-detector-control,metric-square,extracted-vector-extents,94.07408498,94.07408498,0.94074085,0.94074085,-5.92591502,-5.92591502,bf6da28b7f49a787e2b0b8874ed2fb0552c19f457db12e73353e3a65ec173872
a4-to-letter-whole-paper-fit-model,programmatic-detector-control,inch-rectangle,extracted-vector-extents,47.78962959,23.8948148,0.94074074,0.94074074,-5.925926,-5.925926,bf6da28b7f49a787e2b0b8874ed2fb0552c19f457db12e73353e3a65ec173872
a4-to-letter-whole-paper-fit-model,programmatic-detector-control,long-horizontal,extracted-vector-extents,169.33332972,0.0,0.94074072,,-5.92592793,,bf6da28b7f49a787e2b0b8874ed2fb0552c19f457db12e73353e3a65ec173872
